review,sentiment
"What a fantastic comeback by Liverpool!",positive
"The referee ruined the match completely.",negative
"It was an okay game, nothing special.",neutral
"Messi’s goal was unbelievable!",positive
"The defense was terrible today.",negative
"The match ended in a draw, fair enough.",neutral
"Ronaldo carried the whole team again!",positive
"Our midfield looked clueless tonight.",negative
"Good tactical game from both sides.",positive
"Not the most exciting match to watch.",neutral
"The keeper made some world-class saves!",positive
"We wasted too many chances up front.",negative
"Both teams deserved the point.",neutral
"Brilliant performance by the youngsters!",positive
"The coach has no idea what he's doing.",negative
"The atmosphere in the stadium was electric!",positive
"It was a boring goalless draw.",neutral
"Terrible refereeing cost us the game.",negative
"The fans were amazing throughout the match.",positive
"Nothing went our way today.",negative
"The new signing looked promising.",positive
"The first half was dull but improved later.",neutral
"We dominated possession but couldn’t score.",negative
"Superb hat-trick from Haaland!",positive
"The team lacked motivation and energy.",negative
"The substitution made a huge impact.",positive
"VAR decisions were so inconsistent again.",negative
"Overall, a decent performance from both sides.",neutral
"Best match of the season so far!",positive
"That red card completely changed the game.",negative
"Fair result, both teams played well.",neutral
"Insane dribbling and pace from Mbappe!",positive
"The defense collapsed after halftime.",negative
"Not bad, but expected better from them.",neutral
"Unbelievable last-minute winner!",positive
"Sloppy passing all over the field.",negative
"The crowd was quiet most of the time.",neutral
"Fantastic teamwork and creativity today!",positive
"Poor finishing cost us again.",negative
"It was a balanced game overall.",neutral
